id;field_1;field_2;number;received_at
1;mobile Fish;Home Loan Account Table Computer;5808;2019-11-18T23:38:18
2;seamless Metal deposit;Producer;83244;2019-11-18T12:08:07
3;Electronics;Soap methodology Albania;43194;2019-11-19T10:06:24
4;Namibia;Steel zero administration;36636;2019-11-19T05:04:25
5;Licensed Savings Account;Cambridgeshire Mississippi;4645;2019-11-18T14:01:19
6;Yuan Renminbi Centers;Factors;96563;2019-11-18T21:08:29
7;envisioneer Music Public-key;infomediaries;12203;2019-11-18T20:01:14
8;backing up Salad;Digitized invoice;31171;2019-11-19T00:27:24
9;sky blue Georgia;Facilitator;77513;2019-11-18T23:51:58
10;e-enable Communications capacitor;Awesome;19598;2019-11-18T22:09:37
